标签,实体,正文
2,"[“猎人B”无人机,苏-57]","F-35是除了具备第五代战斗机的主要特征之外，还有网络作战能力，不过美国目前并没有可以和F-35A所配套的无人机系统，而俄罗斯就不一样了，“猎人B”无人机从研制之初开始就是和苏-57战斗进行配合作战的。
"
2,"[F-15,RF-4E侦察机]","随后，以色列空军继续击落了3架敌机，彻底扭转了F-15在服役之初所被人诟病的不好印象！在此之后，以色列空军依靠F-15又多次在空中巡逻和遭遇战中击落多架敌机，甚至在1981年与RF-4E侦察机相配合，以2枚“麻雀”空空导弹击落了一架叙利亚空军的米格-25。
"
2,"[F-35,F-22]","在多国举行的实战化对抗演习中，F-35在F-22的配合下，面对多国更多数量的3代机、3.5代战机机群，大杀四方，交换比达到15:1左右；而其价格，目前已经降低到了F/A-18E/F“超级大黄蜂”的档次，比台风、F-15X战机更加便宜。
"
2,"[歼-11,轰6]","这一相对速度“优势”，使得轰-6G能与歼-11B更好地进行编队飞行、配合作战。
"
2,"[F-35A,F-15K,KF-16,空中加油机KC-330]","特别是在战时，F-35A将与韩空军主力战机 F-15K、KF-16综合运用，加上空中加油机KC-330的配合，将最大程度发挥战力。
"
2,"[苏-57,“猎人B”无人机]","苏-57战斗的拥有硕大的弹仓结构，而且本身机体就很庞大，如此一来，可以实现超远航程的打击任务，如今配合了“猎人B”无人机系统，这个结合的效果就和F-35A和B-2A类似了。
"
2,"[“海鹞”,AIM-9L“响尾蛇”导弹]","“海鹞”的推重比高达1.23，在5000米以下高度的空战中拥有更好的机动性，再配合能迎头攻击的大离轴角全向AIM-9L“响尾蛇”导弹和超级机动性，海鹞一共击落了22架阿根廷战机，并且毫发无损，海鹞没有一架在作战中损失。
"
2,"[歼-16,歼-20隐形战斗机,歼10B/C多用途战斗机]","目前，歼-16已经成为我空军新质作战力量组成之一，与歼-20隐形战斗机、歼10B/C多用途战斗机互相配合又各司其责，对手再坚强的空防体系也会被它们撕开。
"
2,"[F-35战机,E-2D]","所以，F-35战机即使是有E-2D的配合，也需要突破歼20战机的数次拦截才有把握。
"
2,"[C-130运输机,幻影-2000]","【印度方面使用了C-130J和地面特种部队配合引导幻影2000行动，然而军队素质太差劲导致精密的作战计划变成一场笑柄】【印度预警机居然全程开了应答机飞全程，还将航迹发到了网上……】为了打击印度认为位于巴基斯坦境内的武装分子营地，印度首先派遣了精锐特种部队潜入巴基斯坦，然后印度派出12架幻影-2000战机进行轰炸。
"
2,"[B-52战略轰炸机,B-21]","美国空军装备有76架B-52H古老的战略轰炸机，这是一款可以携带核弹的大型远程打击平台，B-52H在上个世纪50年代诞生，根据美国空军的规划，这款轰炸机将被持续使用到2040年以后，未来将会和B-21这款新一代的隐身战略轰炸机配合使用。
"
2,"[F-22战斗机,B-2轰炸机]","这两个都是隐身飞机，B-2通常在进入高威胁区的时候，F-22和它有一个战术配合，什么叫高威胁区呢？比如说俄罗斯有S-400，苏-35这些对B-2造成威胁，这时候就需要F-22来护航帮助B-2来进行轰炸。
"
2,"[EC-130H,EF-111,EA-6B]","仰视图果然是人不可貌相，海水不可斗量啊！在海湾战争中，美国的EC-130H 配合 EF-111 ，EA-6B 等电子飞机，先在目标区120千米左右对通信设备和雷达系统进行干扰，然后出动战斗机发射反辐射导弹摧毁敌方雷达，最后再由轰炸机实施轰炸，整个过程中，干扰机扮演了不可缺少的角色。
"
2,"[S-75,“红旗-2”]","随后中国先后5次使用S-75和“红旗-2”击落U-2，但是都是使用了非常规操作方式，不仅更改了苏军原有的导弹操作教令，而且每次攻击都是有战斗机的配合。
"
2,"[F-22,F-35B,F-16,F-15K,KF-16战斗机]","如果改为最尖端的战斗机F-22、F-35B，配合现有的F-16，以及韩国空军的F-15K、KF-16战斗机，将把韩美在半岛的空中优势进一步扩大。
"
2,"[F-35战斗机,F-15战斗机]","土耳其和韩国都计划分别发展自己的五代机计划TF-X和KF-X，并准备将F-35A与本土第五代轻型战斗机一起引入，而以色列将仅依靠少量的F-35A战机配合F-15机队进行作战。
"
2,"[AH-64E,APG-78“长弓”毫米波火控雷达,AGM-114L“长弓地狱火”反坦克导弹]","与其前型AH-64D武装直升机一样，印度购买的AH-64E也保留了标志性的APG-78“长弓”毫米波火控雷达，再配合上最多16枚的AGM-114L“长弓地狱火”反坦克导弹后，该型号具备了极强的反装甲、反加固工事等空地打击能力。
"
2,"[F-16,F-35战斗机]","此次打击以军出动数架F-35隐身战斗机，再更多的F-16战斗机配合作战，利用隐身优势骗过叙利亚防空系统，在最关键时刻“从天而降”，和F16战机一道向目标投下大批空地导弹和制导炸弹。
"
2,"[图-160,KH-555]","而图-160的作战半径是7300公里.配合俄罗斯最新的KH-555，有效射程2000多公里。
"
2,"[OH-58“基奥瓦”,AH-64“阿帕奇”武装直升机]","贝尔公司曾经长期为美国陆军提供侦察武装直升机，比如OH-58“基奥瓦”就是该公司研制的一款很成功的侦察武装直升机，配合AH-64“阿帕奇”武装直升机作战，曾经参加过多场战争，表现良好。
"
2,"[F-22战斗机,F-15战斗机]","F-22和F-15已在佛罗里达的廷德尔空军基地（TyndallAirForceBase）完成一些空战配合训练。
"
2,"[F-22战斗机,F-15战斗机]","结果显示，4架F-22与4架F-15配合，可以打击14架模拟敌机，胜算率为41:1。
"
2,"[F-35战斗机,E-2D预警机]","E-2D和F-35C闪电II战斗机相互配合可以让美国海军的战斗力更上一个新的台阶。
"
2,"[F-35战斗机,F-15战斗机]","但无论如何，F-15在未来几十年内仍然将是日本航空自卫队最重要的组成部分，应尽快对其进行升级以与F-35进行配合，而升级F-2战机的优先级应推后。
"
2,"[歼-20,J-16]","最简单的“配合”实际上就是让歼-20打头阵，依靠隐形优势首先出场，清除敌方空中预警机，攻击地面关键预警、防空系统，为歼-16等战机打开一个通道。
"
2,"[歼-10C,歼-16,歼-11]","　　歼-10战斗机　　目前，歼-10C在我军中仍然是一种相当先进的机型，可以说仅次于歼-20战斗机，可以配合歼-16、歼-11等重型战斗机进行作战。
"
2,"[攻击-11,歼-20,歼-16,歼-10]","局座之前讲战斗机、歼轰机的时候就说过，未来有人战斗机和无人机相互配合作战，攻击-11很有可能就会配合歼-20、歼-16、歼-10这些有人战机，伴随这些飞机执行任务。
"
2,"[歼-20,J-16]","战时，歼-16将与歼-20配合，对敌方的预警机造成致命的威胁。
"
2,"[歼-20,霹雳-10空空导弹]","好弹配好机　　霹雳-10E的亮相，让大家不再担心“没有好弹配好机”，该弹先进的战术性能可以让歼-20的矛头更加锐利， 在空战时的攻击性更强、打击距离也更远，再配合歼-20的隐身性能和高机动能力，霹雳-10E会像高手过招时突然甩出的袖箭，隐蔽而致命。
"
2,"[苏-25强击机,T-72坦克,BMP-1/2步兵战车,“达纳”152毫米自行火炮,BM-21火箭炮]","格军兵分三路，在苏-25强击机的配合下，使用T-72坦克、BMP-1/2步兵战车、“达纳”152毫米自行火炮、BM-21火箭炮等重型武器，“陆空协同”分别从南、东、西三个方向突入南奥塞梯首府茨欣瓦利。
"
2,"[F-22战斗机,B-2轰炸机]","但事实上如果没有B-2的配合，F-22并不具备震慑中国弹道导弹的能力。
"
2,"[海基型东海-10导弹,052D导弹驱逐舰,093A核攻击潜艇]","　　【环球军事报道】美国“科技新时代”杂志官方网站3月10日文章称，中国至少拥有数百枚东海-10巡航导弹，空射型东海-10导弹配合轰-6K轰炸机，使解放军空军能够打击远至夏威夷的太平洋目标的能力，而海基型东海-10导弹配备052D导弹驱逐舰和093A核攻击潜艇，能够赋予解放军空军覆盖全球90%陆地面积的打击能力。
"
2,"[J-16,霹雳-10空空导弹]","从相关图片来看，歼-16已经配备了PL-10红外成像格斗空空导弹，PL-10采用了128×128单元器件阵，与R-73的双元红外导引头相比，PL-10的红外成像导引头灵敏度，抗干扰能力，离轴攻击能力更强，配合边条翼及推力矢量喷口，PL-10甚至可以掉头攻击擦肩而过的目标。
"
2,"[歼-20,J-10]","歼-10升级版可有效配合歼-20。
"
2,"[歼-20,J-16]","接受《环球时报》记者采访的中国军事专家表示，歼-16与歼-20配合作战，将充分发挥两者优势。
"
2,"[F-35A,F-15K,KF-16,KC-330]","特别是在战时，F-35A将与韩空军主力战机 F-15K、KF-16综合运用，加上空中加油机KC-330的配合，将最大程度发挥战力。
"
2,"[红旗9,空警2000,空警500预警机]","红旗9负责配合雷达和空警2000/空警500预警机，对敌方F-16和F-117战机进行拦截，红旗12提供空军要地中远程防空，红旗16则为陆军提供野战防空，而红旗7和“陆盾”2000则负责打击低空来袭的敌武装直升机和敌方精确制导弹药。
"
2,"[歼-20,J-16]","相比于与歼-20配合的低配型五代机，中国空军显然更青睐于优势明显的歼-16，作为歼-20的好搭档。
"
2,"[F-22战斗机,F-15战斗机]","F-15高级鹰装备Talon HATE通讯荚舱，与F-22之间进行实时联络，以及显示相同的侦察图像，因此能更好地配合作战。
"
2,"[歼-20,J-15]","至于与弹射型歼-15的配合作战中，舰载版歼-20则可以利用卓越的隐身能力前出侦查，将目标数据发送给后方的大挂载的歼-15，直接发射远射程的对海/地导弹，从而使中国航母攻击半径增大到1000公里以上。
"
2,"[歼-20,J-16]","　　在歼16战机更换为新型的低可探测性涂装后，很大程度降低了RCS反射面积，使歼16战机打击能力得到再一次提升，这样不但可以提供更强的打击能力，还可以更好的配合歼20战机执行作战任务。
"
2,"[歼-20,J-16]","这样看来是不能够将能力完全发挥出来的，但是歼16和歼20进行配合就可以克服这一问题。
"
2,"[EA-6B电子战飞机,“狂风”战斗轰炸机]","◎海湾战争期间的英国皇家空军“狂风”战斗轰炸机2003年美英联军入侵伊拉克行动期间，美国海军的EA-6B电子战飞机和英国皇家空军的“狂风”战斗轰炸机密切配合，在战争初期一马当先，不久便悉数摧毁了伊拉克军队的关键防空系统，为其后美英联军战机进入伊拉克领空实施空袭铺平了道路。
"
2,"[歼-20,Y-20]","因为运20加油机在几年之内装备量都将是比较比较少的，还无法兼顾大量三代机的空中加油需要；同时歼20装备量也比较少，既无法满足中国全疆域防卫需要也无法应对所有重点威胁方向，而如果运20加油机和歼20紧密配合将可以有效的缓解这种矛盾。
"
2,"[歼-20,J-10]","在最新的强军宣传片《护航新时代》还有歼-10C等新型战机，今年中国的歼-10C战机也是驻训高原砺剑雪域，还与歼-20战机等配合进行了战术训练，进行高低搭配协同作战。
"
2,"[歼-20,F-22战斗机]","根据官方报道，在近期某检验性演习中，歼-20和歼-16配合出击，模拟强敌空军的F-22和F-15E，成功突破红方某空防基地由三代机和先进地导组成的完整防御体系，以极其微小的损失，成功完成战役节点打击任务。
"
2,"[图-160,的KH-55巡航导弹]","图-160可携具备隐身能力和可搭载核弹头的KH-55巡航导弹，射程达到2500公里以上，配合图-160的大航程，使其攻击范围更加广阔。
"
2,"[歼-20,J-16]","接受《环球时报》记者采访的中国军事专家表示，歼-16与歼-20配合作战，将充分发挥两者优势。
"
2,"[歼-20,J-15]","由于现在的战机都是集群作战，一旦歼-15D在面对“宙斯盾”军舰时能和歼-20开展配合，歼-15D的效用将发挥到最大，在保证自身不受敌方电子战机的攻击的前提下，歼-15D只需负责对美军舰进行电子雷达干扰强化歼-20在面对“宙斯盾”军舰时的隐身能力，歼-20机群就能趁机利用自身优秀的隐身能力对美军舰集火攻击。
"
2,"[歼10,霹雳10E空空导弹]","歼10也装备了新型霹雳10E空空导弹，配合头盔瞄准具，看一眼敌人就死。
"
2,"[歼-11,轰6]","歼-11继承了苏-27的优异特性，经常配合我国的战神轰6K执行巡航任务。
"
2,"[歼-20,J-16]","未来，歼-16及其电子战改型，可以在获得全方位制电磁权的同时，与歼-20进行配合，成为突入敌方纵深执行第一波次的精确打击任务。
"
2,"[F-35战斗机,B-2轰炸机]","因此，未来的北约组织的联合行动中，可能将会有F-35和B-2的联合协同作战，因此，英美双方觉得有必要提前进行训练与演习，以便熟悉两款机型如何进行协调配合。
"
2,"[歼-11,空警500,轰6]","配合歼-11和空警500，轰六K可能说是宝刀不老，完全可以威慑任何豺狼宵小。
"
2,"[J-16,霹雳-10空空导弹]","由于采用了红外成像制导系统，它的灵敏度更高、抗干扰能力更强，配合国产头盔显示/瞄准系统，具备更大角度的离轴攻击能力，目前第四代红外成像格斗空空导弹在我国周边国家和地区扩散非常明显，所以PL-10的配备可以提高歼-16与这些作战飞机进行近距格斗的能力。
"
2,"[歼-20,Y-20]","众所周知，作为我国现役最先进的战斗机系统，歼20最大的特点就是实现了隐身性能，而这样的隐身战斗机系统在远程作战中和运20版非隐身加油机的配合使用很显然会破坏歼20隐身机队的整体隐身优势。
"
2,"[歼-20,J-16]","未来歼-16电子战型与歼-20相互配合，将使中国空军所向披靡。
"
2,"[J-16,霹雳-10空空导弹]","歼-10C配备的霹雳10先进近距格斗空空导弹，是我军第一种达到同时期世界顶尖水平的空空导弹！这次击落气球，很可能是其第一个实战战果！它有着极为出色的高机动设计，采用先进的红外热成像制导技术，可有效区分真正的敌机目标和红外诱饵，可配合飞行员佩戴的中国自行研制头盔瞄准具，“看哪打哪”。
"
2,"[歼-11,歼-20,歼-10]","　　当然了，歼11不可能和苏27完全一样，由于用了我国最先进的技术，所以歼11（尤其是其后期型号）的性能比原始的苏27要好很多，现在它是我国重型第三代战机的支柱，和歼10中型战机可以形成高低搭配，也可以配合歼20隐形飞机作战。
"
2,"[PL-15,歼-20]","　　事实上，问题不仅在于PL-15超出了美军AMRAAM导弹的范围，当与歼-20配合使用时，中国可能攻击加油机和ISR飞机。
"
2,"[歼-20,J-16]","　　不仅如此，我国的沈飞集团研制的歼-16战斗机已经早早量产，歼-16是一款双发双座重型多用途战斗机，有了歼-16配合，歼-20更没有必要出双座版，因为如果有战术需要的话，完全可以由歼-20打掩护，同时歼-16去执行任务。
"
2,"[E-2C预警机,EA-6B电子战飞机]","通过E-2C预警飞机和EA-6B电子战飞机的配合，整个战场就会对美国海军呈现一边倒的战争态势。
"
2,"[歼-20,J-16]","现阶段歼-16战机仅供应空军，而歼-16D电子战飞机还在紧张的试飞中，参考F-18在美军的地位，有理由认为歼-16将成为中国空军未来一段时间的主力战机，等歼-20的装备数量逐步增加后，会协同其他同代战机一起配合歼-20共同撑起中国空军。
"
2,"[歼11B战斗机,歼轰7A战斗轰炸机]","对比昔日的歼8二战斗机，歼11B战斗机是一款双发重型战斗机，作战半径高达1500公里，可以挂载霹雳-11、霹雳12等各型中远程空空导弹实施超视距打击，也可以挂载多型国产空地导弹实施对地精确打击，配合歼轰7A战斗轰炸机的强大反舰火力，共同构成了完善的攻防火力体系。
"
2,"[歼-20,J-16,J-10,Y-20]","眼尖的军迷认出，这应该是加油机常用的空中加油吊舱，这意味着运20的加油机型号终于出现了！运20机翼上挂载的吊舱，应该是与伊尔78一样的软管加油吊舱，配合歼16、歼10、歼20上的空中加油管来进行燃油输送。
"
2,"[AH-64武装直升机,AC-130]","据当时参战的士兵说，如果不是还有AC-130""空中炮艇”的支援，整个行动恐怕都得泡汤，AH-64在这场战争中受到了严重的打击"
2,"[歼-11,轰6,苏-35,空警-2000预警机]","据报道，这次绕飞台岛巡航，多架轰-6K战机分别从台岛南北两端同时双向飞行，空警-2000预警机和苏-35、歼-11等战机，前出巴士海峡、宫古海峡区域实施指挥控制和伴随掩护，预警侦察、轰炸突击、支援掩护一体行动，构建起海上空中作战力量体系。
"
2,"[F-4战斗机,HC130P,F105,A7,F9]","美军为这次行动组织了袭击分队和支援分队，袭击分队以一架C-130为先导，包括5架CH-53A直升机；支援分队同样以一架C-130为先导，包括5架攻击机，一架负责加油、救援的HC-130P飞机，10架用于压制米格战斗机的F-4战斗机，5架用于特种空中作战的F-105战斗机，以及若干架用于提供空中支援的A-7和F-8等海军作战飞机。
"
2,"[EA-6B电子战飞机,B-1B战略轰炸机,JASSM-ER巡航导弹,“战斧”巡航导弹]",其中西南方向和东南方向是主攻方向，使用的兵力及打击情况包括：“蒙特利尔”号巡洋舰和“拉本”号驱逐舰，部署在红海，发射37枚“战斧”巡航导弹；“希金斯”号，部署在波斯湾北部，发射23枚“战斧”巡航导弹；两架B-1B战略轰炸机在EA-6B电子战机的支援下，进入沙特北部阵位发射19枚JASSM-ER巡航导弹。
2,"[苏-30MKK战斗机,伊尔-78加油机]",而此次则有轰-6K轰炸机演练远海巡航导弹攻击；苏-30MKK战斗机在伊尔-78加油机的支援下负责全程护航，随时驱离敢于窥伺、干扰解放军机群的外军战机；运-8G电子战飞机提供现代空战不可或缺的电子压制、电磁掩护；图-154MD侦察机则在其他所有机型的掩护下，“安静”地做个数据和信息收集者。
2,"[F-35战斗机,EA-18G电子战机]","况且F-35不仅隐身性较好，其自身也具有较强的电子干扰能力，在EA-18G等专用电子战飞机的支援下，完全有能力突破雷达防御网的前沿，更深入地开展侦察或攻击行动。
"
2,"[空警-2000预警机,苏-35,歼-11]",文/人形自走炮5月11日这天，解放军空军再次组织远海飞行训练，和往常一样，这次空军机群再次环绕台湾；和往常不太一样的是，这次是东部和南部战区空军部队协同行动，出动了苏-35、歼-11、空警-2000、轰-6K等庞大机群，从南北两个方向，成作战体系编队，相对而行；可以说，这次是解放军空军非常罕见的一次作战体系展示，是让台湾感受到力量的绝对差距，也是对岛内某些人的警告！根据空军发布的官方消息，这次绕飞台岛巡航，空军组织两个战区空军协同实施，多架轰-6K战机分别从台岛南北两端同时双向飞行，空警-2000预警机和苏-35、歼-11等战机，前出巴士海峡、宫古海峡区域实施指挥控制和伴随掩护，预警侦察、轰炸突击、支援掩护一体行动，构建起海上空中作战力量体系。
2,"[F-35战斗机,B-2轰炸机,MQ-25]","F-35隐身战斗机与B-2轰炸机未来很有可能会增加MQ-25的身影F-35在MQ-25的空中支援下，同样可以延展空战半径，“肥电”的“小短腿”已经不再是问题需要指出的是,波音公司在MQ-25“黄貂鱼”上的采用的一系列设计表明，波音公司恐怕并没有将“黄貂鱼”完全当作一款舰载加油机而设计的。"
2,"[EF-111电子战飞机,A-6攻击机]","如果有较为完善的支援，A-6的战场生存能力也是不错的，利比亚黄金峡谷行动中，A-6在EF-111强力电子掩护下，躲过了100余枚防空导弹之后对既定目标发起攻击，成功完成攻击任务。
"
2,"[F-35战斗机,MQ-25]",以往，美国海军主要使用F/A-18E/F战斗机配合进行伙伴空中加油，而在MQ-25的支援下，F-35C更能够发挥出自身隐形突防的优势。
2,"[AH-1W超级眼镜蛇,AV-8B攻击机]","但在AH-1W超级眼镜蛇直升机与AV-8B鹞式攻击机的支援下，陆战队员们还是粉碎了伊军的抵抗。
"
2,"[59式中型坦克,J-6 J-7]","1979年1月，一万多名坦军在中国造59式坦克和歼-6、歼-7战斗机支援下，攻入乌干达境内，3月便逼近乌干达首都，乌干达总统阿明向利比亚总统卡扎菲求助。
"
2,"[F/A-18战斗攻击机,EA-18G电子战机]",美国海军领导人拒绝透露海军航空兵在反介入作战下的计划，但是从零散的信息中看出将通过F/A-18E/F和EA-18G联合作战来完成作战任务，包括进行提高生存能力的设计，使用远程武器、EA-18G的干扰支援。
2,"[轰6,苏-30型战斗机,伊尔-78加油机]",在越来越多地得到伊尔-78加油机的支援保障后，苏-30MKK、苏-35等远海训练主力战机将能实现巡航空域覆盖南部海域，或全程护航轰-6K轰炸机“绕岛”。
2,"[歼-20,Y-20]",之后歼20在运20加油机的支援下从内陆出击，对敌方驻守在第一岛链和东亚地区的军事目标实施打击。
2,"[歼-11,轰6,苏-35,空警-2000预警机]",具体来说，南部战区出动多架苏-35战斗机掩护轰-6K轰炸机穿过了巴士海峡，轰-6K轰炸机掉头北上，与东部战区出动的轰-6K轰炸机“南北夹击”绕行祖国宝岛，同时苏-35和歼-11战机掩护空警-2000预警机在西太平洋海域进行指挥和预警，协助轰-6K抢占发射阵位，进行轰炸突击演练，并进行了支援掩护一体化行动，构建了完整的海空联合作战体系。
2,"[轰6,苏-30型战斗机,伊尔-78加油机,苏-35]",在越来越多地得到伊尔-78加油机的支援保障后，苏-30MKK、苏-35等远海训练主力战机将能实现巡航空域覆盖南部海域，或全程护航轰-6K轰炸机“绕岛”。
2,"[歼-20,J-16,J-10]","从以上两张图看，明显反应了歼-20和歼-16、歼-10C正在进行一场进攻性制空作战，三者演练的是编队协作突防，也许是要打击某个军事基地或导弹阵地，在飞越沙漠时歼-20在前，就是利用自己的感知和隐身优势，先行夺取局部制空权，而歼-16、歼-10C在前，则是负责对地面目标进行远程精确打击。
"
2,"[歼-20,J-16,J-10]","从以上两张图看，明显反应了歼-20和歼-16、歼-10C正在进行一场进攻性制空作战，三者演练的是编队协作突防，也许是要打击某个军事基地或导弹阵地，在飞越沙漠时歼-20在前，就是利用自己的感知和隐身优势，先行夺取局部制空权，而歼-16、歼-10C在前，则是负责对地面目标进行远程精确打击。
"
2,"[F/A-18战斗攻击机,黄貂鱼加油机]","一架超级大黄蜂战机原本的作战半径为833公里，有黄貂鱼加油机的协助后，可以扩展到超过1300公里。
"
2,"[轰6,Y-20]","再如轰炸机轰-6K，本身3500公里的作战半径，再携带射程达到1500公里的长剑-20巡航导弹，在运-20加油机的协助下，一跃成为真正意义上的战略轰炸机。
"
2,"[F-22战斗机,B-2轰炸机]","三是尝试与五代机联合作战，在F-22战机提供信息支援和护航条件下，B-2战略轰炸机绕开敌方拦截，秘密进入战区实施作战并安全返回基地。
"
2,"[F-22战斗机,F-15战斗机]","F-15高级鹰装备TalonHATE通讯荚舱，与F-22之间进行实时联络，以及显示相同的侦察图像，因此能更好地配合作战。
"
2,"[F/A-18战斗攻击机,C-130运输机]","通常与海军陆战队的F/A-18C/D战机和KC-130J空中加油机进行联合作战训练。
"
2,"[F-35战斗机,F-22战斗机]","根据公开资料，F-21使用的APG-83雷达与F-35所用的APG-81雷达有95%的通用性，综合作战能力仅次于F-22使用的APG-77雷达，因此说F-21是F-22的小弟也有一定道理。
"
2,"[F-35战斗机,F-22战斗机]","而美国空军赋予该机的重要使命，就是与F-22、F-35两款第五代战机配合作战。
"
2,"[B-52战略轰炸机,F-35战斗机,F-22战斗机]","可将是B-52与F-22和F-35等隐形战斗机密切合作，使用新增的网络技术，既能保持其隐身性能，同时又有轰炸机强大的进攻性轰炸与空战导弹能力。
"
2,"[F-22战斗机,B-2轰炸机]","其间，B-2战略轰炸机进行“热加油”技术、模拟打击以及与F-22战机联合作战等课目演练。
"
2,"[F-22战斗机,B-2轰炸机]","F-22还能为B-2提供战场讯息与导引，相关联合训练有助于提高飞行员之间的合作协调能力。
"
2,"[歼-20,J-16,J-10]","歼-20已与歼-16和歼-10c战机实现联合作战，这使中国空军的实力达到了一个新的水平。
"
2,"[歼-11,轰6]","这一相对速度“优势”，使得轰-6G能与歼-11B更好地进行编队飞行、配合作战。
"
2,"[T-50型隐形战斗机,F/A-18战斗攻击机]","（F/A-18E/F舰载机与X-47B无人机合作飞行）根据俄方报道，我们可以得出这样一个结论，苏-57与&quot;猎人&quot;重型攻击无人机在飞行测试期间，完成了一次&quot;A射B导&quot;的模拟攻击演练。
"
2,"[F-35战斗机,F-22战斗机,F-15战斗机]","这种新型战斗机代号被称为F-15X，该机将采用F-15E系列最新型号的机体，但采用单座设计，具备携带大量空空、空地武器的能力，能作为“空中武器库”与F-22、F-35联合作战。
"
2,"[轰6,AH-64武装直升机]","AH-64E着舰训练近日美国陆军公布了AH-64E“守护神阿帕奇”直升机最新改进版本的详细计划，在此次的改进中将极大的提升AH-64E的海上攻击能力，同时更加强调武装直升机与无人机编队之间的配合作战，一此提高AH-64E武装直升机收集和共享信息、识别和攻击敌方目标以及避免防空火力威胁的总体能力。
"
2,"[歼-11,歼-20,苏-30型战斗机,J-16,J-10]","歼-10C已开展与歼-20联合作战的训练毫无疑问，歼-10B/C的出现将更好地贯彻中国空军“攻防兼备”的作战思想，现在歼-10B/C与歼-11B和歼-16一起，再加上苏-30MKK和苏-35的加盟，这些大多属于三代半水平的战机同时装备中国空军后，表明中国空军从“以量胜优”进入了“以优胜优”时代。
"
2,"[J-10,米格-29战斗机]","　　实际上，俄罗斯自己也在帮助中国制造飞机，其中作为米格-29竞争对手的歼-10和FC-1就是在俄罗斯米格公司协助下研制而成的，相关合同是由俄罗斯国防出口公司在俄联邦军事技术合作局允许的情况下拟定的。
"
2,"[F-22战斗机,B-2轰炸机]","F-22还能为B-2提供战场讯息与导引，相关联合训练有助于提高飞行员之间的合作协调能力。
"
2,"[歼-20,J-16,J-10]","局座之前讲战斗机、歼轰机的时候就说过，未来有人战斗机和无人机相互配合作战，攻击-11很有可能就会配合歼-20、歼-16、歼-10这些有人战机，伴随这些飞机执行任务。
"
2,"[F/A-18战斗攻击机,F-35战斗机]","届时，X-47B可与F/A-18或F-35C进行合理有效搭配，实现优势互补、联合作战。
"
2,"[轰6,歼-20,J-16,J-10]","此外，歼-20不仅可以自己飞，也可以和其他飞机进行联合作战，不仅可以与歼-10C、歼-16搭配，轰-6K等其他飞机都可以加入，形成一个高端的作战体系。
"
2,"[F/A-18战斗攻击机,EA-18G电子战机]","F/A-18E/F和EA-18G目前执行一系列范围广泛的任务，以支持航母战斗群和联合作战。
"
2,"[歼-20,J-16]","接受《环球时报》记者采访的中国军事专家表示，歼-16与歼-20配合作战，将充分发挥两者优势。
"
2,"[F-35战斗机,F-22战斗机]","　　军事专家兰顺正介绍，F-35战机是美国与部分盟国合作研制的第五代隐身战斗机，主要与F-22战机进行“高低搭配”作战，可胜任空战、对地支援和对海攻击等多项任务，作战性能虽略逊F-22战机，仍堪称战机中的“多面手”。
"
2,"[AH-1W超级眼镜蛇,AH-64武装直升机,AH-1武装直升机]","新的“阿帕奇”将与陆军的60架贝尔AH-1W“超级眼镜蛇”并肩合作。
"
2,"[F/A-18战斗攻击机,EA-18G电子战机]","美国海军领导人拒绝透露海军航空兵在反介入作战下的计划，但是从零散的信息中看出将通过F/A-18E/F和EA-18G联合作战来完成作战任务，包括进行提高生存能力的设计，使用远程武器、EA-18G的干扰支援。
"
2,"[歼-20,T-50型隐形战斗机]","中国空军应该购买苏-57，不仅可以作为歼-20的搭档，还可以与俄罗斯在更多方面进行合作。
"
2,"[歼-20,J-16]","接受《环球时报》记者采访的中国军事专家表示，歼-16与歼-20配合作战，将充分发挥两者优势。
"
2,"[歼-20,J-16]","　　那么，在一次空战任务中，歼-20能不能与歼-16搭档呢？上述专家表示，这实际上涉及三代机与四代机之间配合作战的问题，如果歼-16与歼-20搭档一同空战，首先要求两者有兼容的数据链系统，以便共享数据。
"
2,"[歼-20,J-16]","未来，歼16战机将成为歼20的搭档，与歼20一起联合作战。
"
2,"[歼-20,J-16]","未来，我国歼16战机将会至少建造500架以上，歼20肩负起战斗值班的任务之后，它将会与歼20联合作战，维护我国空中安全作出巨大的贡献。
"
2,"[歼-20,J-16]","那么，在一次空战任务中，歼-20能不能与歼-16搭档呢？上述专家表示，这实际上涉及三代机与四代机之间配合作战的问题，如果歼-16与歼-20搭档一同空战，首先要求两者有兼容的数据链系统，以便共享数据。
"
2,"[歼-20,J-16]","在实战中，就目前世界空军实力，空警－500与歼-20、歼-16、歼10C战机的合作，基本上达到了世界顶尖的水平。
"
2,"[图-160轰炸机,苏-30型战斗机,F-16]","据俄罗斯“RT新闻网”12月12日报道称，到访委内瑞拉的俄军两架图-160战略轰炸机近日与委内瑞拉空军的苏-30和F-16战机合作，在加勒比海水域上空进行了长达10小时的飞行训练。
"
2,"[歼-11,轰6]","这一相对速度“优势”，使得轰-6G能与歼-11B更好地进行编队飞行、配合作战。
"
2,"[歼-20,J-16]","【诸葛小彻军情观察第1736期】近日，中国空军发布了一篇题为“歼-16飞来了，歼-20的好搭档”的文章，并表示，歼-16与歼-20配合作战，强强联合，将充分发挥这两款战机的优势。
"
2,"[轰6,Y-20]","　　近期，国内报道表示，我国运-20“鲲鹏”号将改造为空中加油机，与具有续航限制的轰-6K相互配合，进行联合作战。
"
2,"[歼-11,轰6]","具体来说，南部战区出动多架苏-35战斗机掩护轰-6K轰炸机穿过了巴士海峡，轰-6K轰炸机掉头北上，与东部战区出动的轰-6K轰炸机“南北夹击”绕行祖国宝岛，同时苏-35和歼-11战机掩护空警-2000预警机在西太平洋海域进行指挥和预警，协助轰-6K抢占发射阵位，进行轰炸突击演练，并进行了支援掩护一体化行动，构建了完整的海空联合作战体系。
"
2,"[B-52战略轰炸机,F-35战斗机,F-22战斗机]","可将是B-52与F-22和F-35等隐形战斗机密切合作，使用新增的网络技术，既能保持其隐身性能，同时又有轰炸机强大的进攻性轰炸与空战导弹能力。
"
2,"[歼-20,Y-20]","因此，中国运20版加油机和歼20的配合作战问题，我们是需要研究的，只是，在此之前，我们要先拥有足够数量的战略型空中加油机。
"
